seed,lambda,exchange_value,exchange_sd
7,10.0,10.616580963134766,17.706262588500977
