seed,lambda,exchange_value,exchange_sd
8,10.0,10.546191215515137,16.754411697387695
