seed,lambda,exchange_value,exchange_sd
16,10.0,10.310933113098145,15.67335319519043
