seed,lambda,exchange_value,exchange_sd
48,0.1,9.023168563842773,12.542811393737793
