seed,lambda,exchange_value,exchange_sd
5,10.0,10.93936538696289,18.356918334960938
