seed,lambda,exchange_value,exchange_sd
5,0.1,9.758901596069336,15.339293479919434
