seed,lambda,exchange_value,exchange_sd
28,0.1,10.48133373260498,17.555397033691406
