seed,lambda,exchange_value,exchange_sd
1,0.1,10.26404857635498,17.056970596313477
