seed,lambda,exchange_value,exchange_sd
9,0.1,10.169561386108398,16.82493019104004
