seed,lambda,exchange_value,exchange_sd
40,0.0001,10.686660766601562,17.98780632019043
