seed,lambda,exchange_value,exchange_sd
13,10.0,10.233163833618164,16.566253662109375
