seed,lambda,exchange_value,exchange_sd
45,10.0,10.711479187011719,17.67251968383789
