seed,lambda,exchange_value,exchange_sd
2,10.0,10.326194763183594,17.10972785949707
