seed,lambda,exchange_value,exchange_sd
37,0.1,10.239246368408203,17.101909637451172
