seed,lambda,exchange_value,exchange_sd
20,10.0,10.60273265838623,17.88841438293457
