seed,lambda,exchange_value,exchange_sd
46,0.1,10.329072952270508,17.062259674072266
