seed,lambda,exchange_value,exchange_sd
22,0.0001,10.101682662963867,16.91539192199707
