seed,lambda,exchange_value,exchange_sd
37,10.0,10.603799819946289,17.69858741760254
