seed,lambda,exchange_value,exchange_sd
22,10.0,10.080214500427246,15.357327461242676
