seed,lambda,exchange_value,exchange_sd
15,0.1,10.669885635375977,17.865015029907227
