seed,lambda,exchange_value,exchange_sd
42,0.1,9.486753463745117,13.6583251953125
