seed,lambda,exchange_value,exchange_sd
15,10.0,10.860404014587402,17.86212730407715
