seed,lambda,exchange_value,exchange_sd
28,0.0001,10.272031784057617,16.8023681640625
