seed,lambda,exchange_value,exchange_sd
41,0.0001,10.143383026123047,16.166488647460938
