seed,lambda,exchange_value,exchange_sd
30,10.0,10.186201095581055,16.33917999267578
