seed,lambda,exchange_value,exchange_sd
1,0.0001,10.03099250793457,16.084583282470703
