seed,lambda,exchange_value,exchange_sd
11,0.1,9.863611221313477,15.153512001037598
