seed,lambda,exchange_value,exchange_sd
27,10.0,10.253101348876953,16.513444900512695
