seed,lambda,exchange_value,exchange_sd
14,0.1,10.749841690063477,18.112646102905273
