seed,lambda,exchange_value,exchange_sd
45,0.0001,9.924467086791992,15.991127014160156
