seed,lambda,exchange_value,exchange_sd
25,10.0,9.89012336730957,15.757366180419922
