seed,lambda,exchange_value,exchange_sd
19,0.0001,10.211548805236816,16.5031795501709
