seed,lambda,exchange_value,exchange_sd
47,0.1,9.865572929382324,15.231365203857422
