seed,lambda,exchange_value,exchange_sd
17,0.0001,10.308290481567383,16.84053611755371
