seed,lambda,exchange_value,exchange_sd
44,0.0001,10.21590805053711,15.950189590454102
