seed,lambda,exchange_value,exchange_sd
33,0.0001,9.975893020629883,15.841645240783691
