seed,lambda,exchange_value,exchange_sd
6,0.0001,10.062472343444824,16.275943756103516
