seed,lambda,exchange_value,exchange_sd
12,10.0,10.302026748657227,16.592126846313477
