seed,lambda,exchange_value,exchange_sd
35,0.1,10.17276382446289,17.00221061706543
