seed,lambda,exchange_value,exchange_sd
44,0.1,10.272485733032227,17.1956787109375
