seed,lambda,exchange_value,exchange_sd
20,0.0001,5.837005138397217,8.383785247802734
