seed,lambda,exchange_value,exchange_sd
34,0.1,9.28451156616211,12.92136287689209
