seed,lambda,exchange_value,exchange_sd
4,10.0,8.752095222473145,13.181924819946289
