seed,lambda,exchange_value,exchange_sd
34,0.0001,10.358297348022461,17.218425750732422
