seed,lambda,exchange_value,exchange_sd
10,10.0,10.460521697998047,17.372995376586914
