seed,lambda,exchange_value,exchange_sd
27,0.1,10.529444694519043,17.706727981567383
