seed,lambda,exchange_value,exchange_sd
46,10.0,10.544279098510742,16.98414421081543
