seed,lambda,exchange_value,exchange_sd
21,0.0001,9.82647705078125,15.67139720916748
