seed,lambda,exchange_value,exchange_sd
28,10.0,10.573770523071289,17.715415954589844
