seed,lambda,exchange_value,exchange_sd
16,0.1,9.39621639251709,14.190023422241211
