seed,lambda,exchange_value,exchange_sd
43,0.1,9.210054397583008,12.304756164550781
