seed,lambda,exchange_value,exchange_sd
31,10.0,10.366667747497559,16.830734252929688
