seed,lambda,exchange_value,exchange_sd
31,0.0001,10.284126281738281,17.013179779052734
