seed,lambda,exchange_value,exchange_sd
49,0.1,10.054726600646973,15.04959774017334
