seed,lambda,exchange_value,exchange_sd
8,0.1,10.176141738891602,16.374921798706055
