seed,lambda,exchange_value,exchange_sd
38,0.0001,10.170537948608398,16.60619354248047
