seed,lambda,exchange_value,exchange_sd
19,10.0,10.554289817810059,17.215492248535156
