seed,lambda,exchange_value,exchange_sd
26,10.0,10.830280303955078,17.892107009887695
