seed,lambda,exchange_value,exchange_sd
39,0.1,10.050738334655762,16.266002655029297
