seed,lambda,exchange_value,exchange_sd
36,0.0001,10.186549186706543,16.987491607666016
