seed,lambda,exchange_value,exchange_sd
40,10.0,10.494216918945312,17.817415237426758
