seed,lambda,exchange_value,exchange_sd
38,0.1,9.35642147064209,12.649887084960938
