seed,lambda,exchange_value,exchange_sd
43,0.0001,10.199151992797852,16.861623764038086
