seed,lambda,exchange_value,exchange_sd
9,0.0001,10.21676254272461,16.501741409301758
