seed,lambda,exchange_value,exchange_sd
4,0.1,10.350570678710938,17.39546775817871
