seed,lambda,exchange_value,exchange_sd
18,10.0,10.470645904541016,17.367876052856445
