seed,lambda,exchange_value,exchange_sd
23,0.1,9.453536987304688,13.346117973327637
