seed,lambda,exchange_value,exchange_sd
26,0.1,10.517950057983398,16.84714126586914
