seed,lambda,exchange_value,exchange_sd
26,0.0001,10.265271186828613,16.646095275878906
