seed,lambda,exchange_value,exchange_sd
49,10.0,10.56711196899414,17.028331756591797
