seed,lambda,exchange_value,exchange_sd
24,10.0,10.644678115844727,17.066883087158203
