seed,lambda,exchange_value,exchange_sd
3,0.0001,10.258009910583496,17.072946548461914
