seed,lambda,exchange_value,exchange_sd
35,0.0001,10.296537399291992,17.38958168029785
