seed,lambda,exchange_value,exchange_sd
32,0.0001,10.043771743774414,16.111774444580078
