seed,lambda,exchange_value,exchange_sd
18,0.1,10.24013614654541,17.017820358276367
