seed,lambda,exchange_value,exchange_sd
33,0.1,9.282310485839844,12.419415473937988
