seed,lambda,exchange_value,exchange_sd
48,0.0001,10.94489860534668,17.929367065429688
