seed,lambda,exchange_value,exchange_sd
8,0.0001,9.994306564331055,16.6439208984375
