seed,lambda,exchange_value,exchange_sd
36,10.0,10.751243591308594,17.65146255493164
