seed,lambda,exchange_value,exchange_sd
45,0.1,10.060199737548828,16.288602828979492
