seed,lambda,exchange_value,exchange_sd
23,0.0001,10.159994125366211,16.72429656982422
