seed,lambda,exchange_value,exchange_sd
10,0.1,10.182198524475098,16.518733978271484
