seed,lambda,exchange_value,exchange_sd
36,0.1,10.232942581176758,17.114362716674805
