seed,lambda,exchange_value,exchange_sd
22,0.1,10.145536422729492,16.881921768188477
