seed,lambda,exchange_value,exchange_sd
1,10.0,10.604331016540527,17.609283447265625
