seed,lambda,exchange_value,exchange_sd
39,10.0,10.294182777404785,17.177221298217773
