seed,lambda,exchange_value,exchange_sd
24,0.1,9.725540161132812,14.723675727844238
