seed,lambda,exchange_value,exchange_sd
29,0.0001,10.488125801086426,17.301326751708984
