seed,lambda,exchange_value,exchange_sd
5,0.0001,10.106900215148926,16.614063262939453
