seed,lambda,exchange_value,exchange_sd
27,0.0001,10.341522216796875,16.43427276611328
