seed,lambda,exchange_value,exchange_sd
6,10.0,10.431296348571777,17.380796432495117
