seed,lambda,exchange_value,exchange_sd
16,0.0001,10.111932754516602,16.610036849975586
