seed,lambda,exchange_value,exchange_sd
14,10.0,10.524267196655273,17.553558349609375
