seed,lambda,exchange_value,exchange_sd
12,0.1,10.041803359985352,15.636041641235352
