seed,lambda,exchange_value,exchange_sd
14,0.0001,10.572371482849121,17.512454986572266
