seed,lambda,exchange_value,exchange_sd
21,0.1,8.810443878173828,13.010011672973633
