seed,lambda,exchange_value,exchange_sd
38,10.0,10.63134765625,17.80759048461914
