seed,lambda,exchange_value,exchange_sd
43,10.0,9.261089324951172,13.388017654418945
