seed,lambda,exchange_value,exchange_sd
3,0.1,10.269372940063477,16.52338981628418
