seed,lambda,exchange_value,exchange_sd
50,0.0001,9.982658386230469,16.184894561767578
