seed,lambda,exchange_value,exchange_sd
6,0.1,9.851882934570312,15.288944244384766
