seed,lambda,exchange_value,exchange_sd
34,10.0,10.208826065063477,16.47231101989746
