seed,lambda,exchange_value,exchange_sd
32,0.1,10.285177230834961,17.01872444152832
