seed,lambda,exchange_value,exchange_sd
4,0.0001,9.918590545654297,15.362971305847168
