seed,lambda,exchange_value,exchange_sd
47,10.0,10.46774959564209,17.40079116821289
