seed,lambda,exchange_value,exchange_sd
29,0.1,9.900568962097168,15.467402458190918
