seed,lambda,exchange_value,exchange_sd
2,0.0001,10.089619636535645,16.723617553710938
