seed,lambda,exchange_value,exchange_sd
50,10.0,9.996024131774902,15.581537246704102
