seed,lambda,exchange_value,exchange_sd
18,0.0001,10.104803085327148,16.376840591430664
