seed,lambda,exchange_value,exchange_sd
40,0.1,10.09870719909668,17.04635238647461
