seed,lambda,exchange_value,exchange_sd
33,10.0,9.806281089782715,15.052130699157715
