seed,lambda,exchange_value,exchange_sd
37,0.0001,10.480968475341797,17.336055755615234
