seed,lambda,exchange_value,exchange_sd
31,0.1,10.48544692993164,17.106996536254883
