seed,lambda,exchange_value,exchange_sd
7,0.1,10.160857200622559,16.94204330444336
