seed,lambda,exchange_value,exchange_sd
42,10.0,10.636634826660156,17.76795196533203
