seed,lambda,exchange_value,exchange_sd
50,0.1,10.091667175292969,16.893545150756836
