seed,lambda,exchange_value,exchange_sd
2,0.1,10.143199920654297,16.620725631713867
