seed,lambda,exchange_value,exchange_sd
41,10.0,10.747896194458008,18.022451400756836
