seed,lambda,exchange_value,exchange_sd
17,10.0,10.598934173583984,17.821266174316406
