seed,lambda,exchange_value,exchange_sd
23,10.0,10.63656997680664,17.66307830810547
