seed,lambda,exchange_value,exchange_sd
11,10.0,10.566936492919922,17.183780670166016
