seed,lambda,exchange_value,exchange_sd
48,10.0,7.735084056854248,12.824116706848145
