seed,lambda,exchange_value,exchange_sd
21,10.0,10.890998840332031,18.376384735107422
