seed,lambda,exchange_value,exchange_sd
30,0.0001,10.232146263122559,16.62893295288086
