seed,lambda,exchange_value,exchange_sd
41,0.1,9.683258056640625,14.517648696899414
