seed,lambda,exchange_value,exchange_sd
46,0.0001,9.956705093383789,15.941434860229492
