seed,lambda,exchange_value,exchange_sd
11,0.0001,10.219385147094727,16.576364517211914
