seed,lambda,exchange_value,exchange_sd
32,10.0,10.369280815124512,16.784595489501953
