seed,lambda,exchange_value,exchange_sd
3,10.0,10.625225067138672,17.683557510375977
