seed,lambda,exchange_value,exchange_sd
17,0.1,9.34718132019043,12.507906913757324
