seed,lambda,exchange_value,exchange_sd
29,10.0,10.148591995239258,16.399913787841797
