seed,lambda,exchange_value,exchange_sd
25,0.1,9.371855735778809,13.45935344696045
