seed,lambda,exchange_value,exchange_sd
12,0.0001,10.121724128723145,15.886516571044922
