seed,lambda,exchange_value,exchange_sd
47,0.0001,10.90198802947998,17.626731872558594
