seed,lambda,exchange_value,exchange_sd
13,0.0001,10.740550994873047,17.69677734375
