seed,lambda,exchange_value,exchange_sd
19,0.1,10.375574111938477,17.460330963134766
