seed,lambda,exchange_value,exchange_sd
42,0.0001,10.572467803955078,17.281885147094727
