seed,lambda,exchange_value,exchange_sd
30,0.1,10.1133394241333,16.352388381958008
