seed,lambda,exchange_value,exchange_sd
10,0.0001,9.983989715576172,16.088483810424805
