seed,lambda,exchange_value,exchange_sd
39,0.0001,9.079385757446289,11.787761688232422
