seed,lambda,exchange_value,exchange_sd
9,10.0,10.418031692504883,17.12653923034668
