seed,lambda,exchange_value,exchange_sd
20,0.1,10.207313537597656,16.631668090820312
