seed,lambda,exchange_value,exchange_sd
44,10.0,10.30185317993164,15.774497985839844
