seed,lambda,exchange_value,exchange_sd
25,0.0001,9.686857223510742,14.49189281463623
