seed,lambda,exchange_value,exchange_sd
49,0.0001,10.16588020324707,15.637750625610352
