seed,lambda,exchange_value,exchange_sd
7,0.0001,10.216781616210938,16.31842041015625
