seed,lambda,exchange_value,exchange_sd
13,0.1,9.778139114379883,15.060090065002441
