seed,lambda,exchange_value,exchange_sd
24,0.0001,9.976175308227539,15.594861030578613
