seed,lambda,exchange_value,exchange_sd
15,0.0001,10.218623161315918,17.06429672241211
