seed,lambda,exchange_value,exchange_sd
35,10.0,10.329176902770996,16.97319221496582
